codigo_origem,nome,marca,categoria,colecao,descricao,tamanhos,cores,foto_1,foto_2,foto_3,origem_url
3030,,Hermès,Bolsas,feminino,"Peça selecionada pela VIP Imports. Disponibilidade, medidas e detalhes confirmados pelo atendimento.",,,https://media.base44.com/images/public/6a7f969769e4ed371be3b5fb/61bee72f2_generated_image.png,,,https://vip-imports.base44.app/produto/6a7f9a3af3af575543c080c4
294239,,Bvlgari,Bolsas,feminino,"Peça selecionada pela VIP Imports. Disponibilidade, medidas e detalhes confirmados pelo atendimento.",,,https://media.base44.com/images/public/6a7f969769e4ed371be3b5fb/a05aa28cf_generated_image.png,,,https://vip-imports.base44.app/produto/6a7f9a3af3af575543c080c5
8BS124B14,,Fendi,Bolsas,feminino,"Peça selecionada pela VIP Imports. Disponibilidade, medidas e detalhes confirmados pelo atendimento.",,,https://media.base44.com/images/public/6a7f969769e4ed371be3b5fb/d62fbd3e4_generated_image.png,,,https://vip-imports.base44.app/produto/6a7f9a3af3af575543c080c6
9691,,Burberry,Bolsas,feminino,"Peça selecionada pela VIP Imports. Disponibilidade, medidas e detalhes confirmados pelo atendimento.",,,https://media.base44.com/images/public/6a7f969769e4ed371be3b5fb/e096d77b3_generated_image.png,,,https://vip-imports.base44.app/produto/6a7f9a3af3af575543c080c7
AS6428,,Chanel,Bolsas,feminino,"Peça selecionada pela VIP Imports. Disponibilidade, medidas e detalhes confirmados pelo atendimento.",,,https://media.base44.com/images/public/6a7f969769e4ed371be3b5fb/ee7b4396e_generated_image.png,,,https://vip-imports.base44.app/produto/6a7f9a3af3af575543c080c8
L10373,,Celine,Bolsas,feminino,"Peça selecionada pela VIP Imports. Disponibilidade, medidas e detalhes confirmados pelo atendimento.",,,https://media.base44.com/images/public/6a7f969769e4ed371be3b5fb/31fb89172_generated_image.png,,,https://vip-imports.base44.app/produto/6a7f9a3af3af575543c080c9
99110066,,Delvaux,Bolsas,feminino,"Peça selecionada pela VIP Imports. Disponibilidade, medidas e detalhes confirmados pelo atendimento.",,,https://media.base44.com/images/public/6a7f969769e4ed371be3b5fb/6973c5eb2_generated_image.png,,,https://vip-imports.base44.app/produto/6a7f9a3af3af575543c080ca
8731,,Balenciaga,Bolsas,feminino,"Peça selecionada pela VIP Imports. Disponibilidade, medidas e detalhes confirmados pelo atendimento.",,,https://media.base44.com/images/public/6a7f969769e4ed371be3b5fb/2acc03545_generated_image.png,,,https://vip-imports.base44.app/produto/6a7f9a3af3af575543c080cb
73995,,Coach,Bolsas,feminino,"Peça selecionada pela VIP Imports. Disponibilidade, medidas e detalhes confirmados pelo atendimento.",,,https://media.base44.com/images/public/6a7f969769e4ed371be3b5fb/0e86f8063_generated_image.png,,,https://vip-imports.base44.app/produto/6a7f9a3af3af575543c080cc
2183,,Versace,Bolsas,feminino,"Peça selecionada pela VIP Imports. Disponibilidade, medidas e detalhes confirmados pelo atendimento.",,,https://media.base44.com/images/public/6a7f969769e4ed371be3b5fb/267f8e325_generated_image.png,,,https://vip-imports.base44.app/produto/6a7f9a3af3af575543c080cd
1302,,Chloé,Bolsas,feminino,"Peça selecionada pela VIP Imports. Disponibilidade, medidas e detalhes confirmados pelo atendimento.",,,https://media.base44.com/images/public/6a7f969769e4ed371be3b5fb/44540d484_generated_image.png,,,https://vip-imports.base44.app/produto/6a7f9a3af3af575543c080ce
2214,,MCM,Bolsas,feminino,"Peça selecionada pela VIP Imports. Disponibilidade, medidas e detalhes confirmados pelo atendimento.",,,https://media.base44.com/images/public/6a7f969769e4ed371be3b5fb/ec6633368_generated_image.png,,,https://vip-imports.base44.app/produto/6a7f9a3af3af575543c080cf
1214,,Longchamp,Bolsas,feminino,"Peça selecionada pela VIP Imports. Disponibilidade, medidas e detalhes confirmados pelo atendimento.",,,https://media.base44.com/images/public/6a7f969769e4ed371be3b5fb/827b51964_generated_image.png,,,https://vip-imports.base44.app/produto/6a7f9a3af3af575543c080d0
020246,,Goyard,Bolsas,feminino,"Peça selecionada pela VIP Imports. Disponibilidade, medidas e detalhes confirmados pelo atendimento.",,,https://media.base44.com/images/public/6a7f969769e4ed371be3b5fb/b1ccdcfa0_generated_image.png,,,https://vip-imports.base44.app/produto/6a7f9a3af3af575543c080d1
8965,,Furla,Bolsas,feminino,"Peça selecionada pela VIP Imports. Disponibilidade, medidas e detalhes confirmados pelo atendimento.",,,https://media.base44.com/images/public/6a7f969769e4ed371be3b5fb/08563af0a_generated_image.png,,,https://vip-imports.base44.app/produto/6a7f9a3af3af575543c080d2
1319,,Givenchy,Bolsas,feminino,"Peça selecionada pela VIP Imports. Disponibilidade, medidas e detalhes confirmados pelo atendimento.",,,https://media.base44.com/images/public/6a7f969769e4ed371be3b5fb/7614f3040_generated_image.png,,,https://vip-imports.base44.app/produto/6a7f9a3af3af575543c080d3
CF-001,,Chanel,Carteiras,feminino,"Peça selecionada pela VIP Imports. Disponibilidade, medidas e detalhes confirmados pelo atendimento.",,,https://media.base44.com/images/public/6a7f969769e4ed371be3b5fb/27e9bd396_generated_image.png,,,https://vip-imports.base44.app/produto/6a7f9a3af3af575543c080d4
LP-001,,Loro Piana,Casacos,feminino,"Peça selecionada pela VIP Imports. Disponibilidade, medidas e detalhes confirmados pelo atendimento.",,,https://media.base44.com/images/public/6a7f969769e4ed371be3b5fb/ccd30fed7_generated_image.png,,,https://vip-imports.base44.app/produto/6a7f9a3af3af575543c080d5
DIOR-001,,Dior,Vestidos,feminino,"Peça selecionada pela VIP Imports. Disponibilidade, medidas e detalhes confirmados pelo atendimento.",,,https://media.base44.com/images/public/6a7f969769e4ed371be3b5fb/219ba5ba1_generated_image.png,,,https://vip-imports.base44.app/produto/6a7f9a3af3af575543c080d6
CT-001,,Cartier,Óculos,feminino,"Peça selecionada pela VIP Imports. Disponibilidade, medidas e detalhes confirmados pelo atendimento.",,,https://media.base44.com/images/public/6a7f969769e4ed371be3b5fb/3b864a135_generated_image.png,,,https://vip-imports.base44.app/produto/6a7f9a3af3af575543c080d7
LV-001,,Louis Vuitton,Bolsas,masculino,"Peça selecionada pela VIP Imports. Disponibilidade, medidas e detalhes confirmados pelo atendimento.",,,https://media.base44.com/images/public/6a7f969769e4ed371be3b5fb/5287eaa4c_generated_image.png,,,https://vip-imports.base44.app/produto/6a7f9a3af3af575543c080d8
MB-001,,Montblanc,Carteiras,masculino,"Peça selecionada pela VIP Imports. Disponibilidade, medidas e detalhes confirmados pelo atendimento.",,,https://media.base44.com/images/public/6a7f969769e4ed371be3b5fb/ab0a616ef_generated_image.png,,,https://vip-imports.base44.app/produto/6a7f9a3af3af575543c080d9
RL-001,,Ralph Lauren,Camisetas,masculino,"Peça selecionada pela VIP Imports. Disponibilidade, medidas e detalhes confirmados pelo atendimento.",,,https://media.base44.com/images/public/6a7f969769e4ed371be3b5fb/c6a0035cd_generated_image.png,,,https://vip-imports.base44.app/produto/6a7f9a3af3af575543c080da
RB-001,,Ray-Ban,Óculos,masculino,"Peça selecionada pela VIP Imports. Disponibilidade, medidas e detalhes confirmados pelo atendimento.",,,https://media.base44.com/images/public/6a7f969769e4ed371be3b5fb/8d203a2c9_generated_image.png,,,https://vip-imports.base44.app/produto/6a7f9a3af3af575543c080db
